{
  "accuracy": 0.8847457627118644,
  "classification_report": "              precision    recall  f1-score   support\n\n           0     0.9070    0.9251    0.9160       601\n           1     0.8346    0.7993    0.8165       284\n\n    accuracy                         0.8847       885\n   macro avg     0.8708    0.8622    0.8663       885\nweighted avg     0.8838    0.8847    0.8841       885\n",
  "confusion_matrix": [
    [
      556,
      45
    ],
    [
      57,
      227
    ]
  ],
  "f1": 0.8165467625899281,
  "model_name": "LightGBM",
  "num_features": 36,
  "pr_auc": 0.9068667315172352,
  "recall": 0.7992957746478874,
  "roc_auc": 0.9309601368611
}