{
  "accuracy": 0.7389830508474576,
  "classification_report": "              precision    recall  f1-score   support\n\n     dropout     0.7945    0.7077    0.7486       284\n    enrolled     0.4412    0.5660    0.4959       159\n    graduate     0.8481    0.8213    0.8345       442\n\n    accuracy                         0.7390       885\n   macro avg     0.6946    0.6984    0.6930       885\nweighted avg     0.7578    0.7390    0.7461       885\n",
  "classification_report_dict": {
    "accuracy": 0.7389830508474576,
    "dropout": {
      "f1-score": 0.7486033519553073,
      "precision": 0.7944664031620553,
      "recall": 0.7077464788732394,
      "support": 284.0
    },
    "enrolled": {
      "f1-score": 0.49586776859504134,
      "precision": 0.4411764705882353,
      "recall": 0.5660377358490566,
      "support": 159.0
    },
    "graduate": {
      "f1-score": 0.8344827586206897,
      "precision": 0.8481308411214953,
      "recall": 0.8212669683257918,
      "support": 442.0
    },
    "macro avg": {
      "f1-score": 0.6929846263903462,
      "precision": 0.6945912382905953,
      "recall": 0.6983503943493625,
      "support": 885.0
    },
    "weighted avg": {
      "f1-score": 0.7460878039234617,
      "precision": 0.7577958746861628,
      "recall": 0.7389830508474576,
      "support": 885.0
    }
  },
  "confusion_matrix": [
    [
      201,
      53,
      30
    ],
    [
      34,
      90,
      35
    ],
    [
      18,
      61,
      363
    ]
  ],
  "f1_macro": 0.6929846263903462,
  "model_name": "LightGBM",
  "recall_macro": 0.6983503943493625
}