{
  "model_name": "TabNet",
  "num_features": 36,
  "accuracy": 0.798372513562387,
  "f1_macro": 0.7337882407423222,
  "recall_macro": 0.7242790699761046,
  "roc_auc_ovr_macro": 0.9073914097067415,
  "pr_auc_ovr_macro": 0.7945085803612421,
  "confusion_matrix": [
    [
      1155,
      110,
      156
    ],
    [
      185,
      352,
      257
    ],
    [
      70,
      114,
      2025
    ]
  ],
  "classification_report": "              precision    recall  f1-score   support\n\n           0       0.82      0.81      0.82      1421\n           1       0.61      0.44      0.51       794\n           2       0.83      0.92      0.87      2209\n\n    accuracy                           0.80      4424\n   macro avg       0.75      0.72      0.73      4424\nweighted avg       0.79      0.80      0.79      4424\n",
  "roc_auc": null,
  "pr_auc": null
}