{
  "model_name": "TabNet",
  "num_features": 36,
  "accuracy": 0.7322033898305085,
  "f1_macro": 0.6546460765395911,
  "recall_macro": 0.6517965472335421,
  "confusion_matrix": [
    [
      216,
      28,
      40
    ],
    [
      48,
      54,
      57
    ],
    [
      20,
      44,
      378
    ]
  ],
  "classification_report": "              precision    recall  f1-score   support\n\n           0       0.76      0.76      0.76       284\n           1       0.43      0.34      0.38       159\n           2       0.80      0.86      0.82       442\n\n    accuracy                           0.73       885\n   macro avg       0.66      0.65      0.65       885\nweighted avg       0.72      0.73      0.72       885\n"
}