{
  "accuracy": 0.552710843373494,
  "f1_macro": 0.517742928609925,
  "recall_macro": 0.528379485741271,
  "confusion_matrix": [
    [
      132,
      40,
      42
    ],
    [
      41,
      48,
      30
    ],
    [
      77,
      67,
      187
    ]
  ],
  "per_class": {
    "0": {
      "precision": 0.528,
      "recall": 0.616822429906542,
      "f1": 0.5689655172413793,
      "support": 214.0
    },
    "1": {
      "precision": 0.3096774193548387,
      "recall": 0.40336134453781514,
      "f1": 0.35036496350364965,
      "support": 119.0
    },
    "2": {
      "precision": 0.722007722007722,
      "recall": 0.5649546827794562,
      "f1": 0.6338983050847458,
      "support": 331.0
    }
  },
  "TN": null,
  "FP": null,
  "FN": null,
  "TP": null,
  "roc_auc_ovr_macro": 0.6887750095723874,
  "pr_auc_ovr_macro": 0.49231185000976163
}