{
  "accuracy": 0.5542168674698795,
  "f1_macro": 0.5158360130890868,
  "recall_macro": 0.5245549048317409,
  "confusion_matrix": [
    [
      133,
      48,
      33
    ],
    [
      32,
      45,
      42
    ],
    [
      73,
      68,
      190
    ]
  ],
  "per_class": {
    "0": {
      "precision": 0.5588235294117647,
      "recall": 0.6214953271028038,
      "f1": 0.588495575221239,
      "support": 214.0
    },
    "1": {
      "precision": 0.2795031055900621,
      "recall": 0.37815126050420167,
      "f1": 0.32142857142857145,
      "support": 119.0
    },
    "2": {
      "precision": 0.7169811320754716,
      "recall": 0.5740181268882175,
      "f1": 0.6375838926174496,
      "support": 331.0
    }
  },
  "TN": null,
  "FP": null,
  "FN": null,
  "TP": null,
  "roc_auc_ovr_macro": 0.706407145233669,
  "pr_auc_ovr_macro": 0.532331848904839
}