{
  "accuracy": 0.6024096385542169,
  "f1": 0.4273425610115556,
  "recall": 0.46947885438467485,
  "roc_auc": 0.7558893642713636,
  "pr_auc": 0.6588700944451252,
  "confusion_matrix": [
    [
      279,
      53,
      0
    ],
    [
      92,
      121,
      0
    ],
    [
      83,
      36,
      0
    ]
  ],
  "classification_report": {
    "0": {
      "precision": 0.6145374449339207,
      "recall": 0.8403614457831325,
      "f1-score": 0.7099236641221374,
      "support": 332.0
    },
    "1": {
      "precision": 0.5761904761904761,
      "recall": 0.568075117370892,
      "f1-score": 0.5721040189125296,
      "support": 213.0
    },
    "2": {
      "precision": 0.0,
      "recall": 0.0,
      "f1-score": 0.0,
      "support": 119.0
    },
    "accuracy": 0.6024096385542169,
    "macro avg": {
      "precision": 0.3969093070414656,
      "recall": 0.46947885438467485,
      "f1-score": 0.4273425610115556,
      "support": 664.0
    },
    "weighted avg": {
      "precision": 0.4921009083533631,
      "recall": 0.6024096385542169,
      "f1-score": 0.5384831513809013,
      "support": 664.0
    }
  },
  "TN": null,
  "FP": null,
  "FN": null,
  "TP": null
}