{
  "accuracy": 0.5,
  "f1": 0.2222222222222222,
  "recall": 0.3333333333333333,
  "roc_auc": 0.5172490969467953,
  "pr_auc": 0.3411387526583538,
  "confusion_matrix": [
    [
      332,
      0,
      0
    ],
    [
      213,
      0,
      0
    ],
    [
      119,
      0,
      0
    ]
  ],
  "classification_report": {
    "0": {
      "precision": 0.5,
      "recall": 1.0,
      "f1-score": 0.6666666666666666,
      "support": 332.0
    },
    "1": {
      "precision": 0.0,
      "recall": 0.0,
      "f1-score": 0.0,
      "support": 213.0
    },
    "2": {
      "precision": 0.0,
      "recall": 0.0,
      "f1-score": 0.0,
      "support": 119.0
    },
    "accuracy": 0.5,
    "macro avg": {
      "precision": 0.16666666666666666,
      "recall": 0.3333333333333333,
      "f1-score": 0.2222222222222222,
      "support": 664.0
    },
    "weighted avg": {
      "precision": 0.25,
      "recall": 0.5,
      "f1-score": 0.3333333333333333,
      "support": 664.0
    }
  },
  "TN": null,
  "FP": null,
  "FN": null,
  "TP": null
}