{
  "accuracy": 0.8734463276836159,
  "classification_report": "              precision    recall  f1-score   support\n\n           0     0.9179    0.8935    0.9056       601\n           1     0.7867    0.8310    0.8082       284\n\n    accuracy                         0.8734       885\n   macro avg     0.8523    0.8622    0.8569       885\nweighted avg     0.8758    0.8734    0.8743       885\n",
  "confusion_matrix": [
    [
      537,
      64
    ],
    [
      48,
      236
    ]
  ],
  "f1": 0.8082191780821918,
  "pr_auc": 0.8949664959221743,
  "recall": 0.8309859154929577,
  "roc_auc": 0.9273569871809894
}