{
  "accuracy": 0.7288135593220338,
  "classification_report": {
    "accuracy": 0.7288135593220338,
    "dropout": {
      "f1-score": 0.7563352826510721,
      "precision": 0.8471615720524017,
      "recall": 0.6830985915492958,
      "support": 284.0
    },
    "enrolled": {
      "f1-score": 0.49877750611246946,
      "precision": 0.408,
      "recall": 0.6415094339622641,
      "support": 159.0
    },
    "graduate": {
      "f1-score": 0.8231132075471698,
      "precision": 0.8596059113300493,
      "recall": 0.7895927601809954,
      "support": 442.0
    },
    "macro avg": {
      "f1-score": 0.6927419987702371,
      "precision": 0.704922494460817,
      "recall": 0.7047335952308518,
      "support": 885.0
    },
    "weighted avg": {
      "f1-score": 0.7434134254018487,
      "precision": 0.7744764963511456,
      "recall": 0.7288135593220338,
      "support": 885.0
    }
  },
  "confusion_matrix": [
    [
      194,
      66,
      24
    ],
    [
      24,
      102,
      33
    ],
    [
      11,
      82,
      349
    ]
  ]
}