{
  "accuracy": 0.768361581920904,
  "classification_report": {
    "accuracy": 0.768361581920904,
    "dropout": {
      "f1-score": 0.7853211009174312,
      "precision": 0.8199233716475096,
      "recall": 0.7535211267605634,
      "support": 284.0
    },
    "enrolled": {
      "f1-score": 0.4864864864864865,
      "precision": 0.5255474452554745,
      "recall": 0.4528301886792453,
      "support": 159.0
    },
    "graduate": {
      "f1-score": 0.8482238966630786,
      "precision": 0.8090349075975359,
      "recall": 0.8914027149321267,
      "support": 442.0
    },
    "macro avg": {
      "f1-score": 0.7066771613556654,
      "precision": 0.7181685748335066,
      "recall": 0.6992513434573118,
      "support": 885.0
    },
    "weighted avg": {
      "f1-score": 0.7630480297593023,
      "precision": 0.7615974129961853,
      "recall": 0.768361581920904,
      "support": 885.0
    }
  },
  "confusion_matrix": [
    [
      214,
      31,
      39
    ],
    [
      33,
      72,
      54
    ],
    [
      14,
      34,
      394
    ]
  ]
}